Position,P-Value
1,
2,
3,0.27777311147237393
4,0.09939382362811465
5,0.0030738818301240026
6,0.0012469330598882972
7,0.07854995270227888
8,0.8948009328170327
9,0.1462248474545301
10,0.10643409435885275
11,0.1579212051041999
12,0.1882139661052574
13,
14,
15,
