Position,P-Value
1,
2,
3,0.004517335202572494
4,0.0733399426486379
5,0.5270457366461392
6,0.03134423775430876
7,0.0011560587537506317
8,0.8717292625572957
9,0.11241697994912785
10,0.42359232993599194
11,0.11771638896582785
12,0.19856324428758357
13,
14,
15,
