Quarter,Benign_Count,Pathogenic_Count,Benign_Mean,Pathogenic_Mean,T_stat,P_value
Q1,3,17,0.11218985976267527,0.17666095564439366,-2.7983658722750815,0.04339932090759078
Q2,8,14,0.06189320388349513,0.10679611650485435,-2.1906212083829977,0.06315742873472056
Q3,4,18,0.08737864077669899,0.08000719165767708,0.5748346572330386,0.577823480181555
Q4,3,7,0.15533980582524268,0.10124826629680994,0.9470761060206162,0.4422142808231553
