Benign_Count,Pathogenic_Count,Benign_Mean,Pathogenic_Mean,T_stat,P_value
78,174,5.06136923076923,7.448858620689656,-2.388022923944593,0.017773609061493594
