Benign_Count,Pathogenic_Count,Benign_Mean,Pathogenic_Mean,T_stat,P_value
20,40,4.40337563888889,7.409661940476189,-1.923582280321664,0.05936017318107527
