UniProt_ID,Amino_acid_position,Heatmap_Position,Mutation,LCS_Ratio,Type
O00571,323,4,Arg/His,0.1003236245954692,Pathogenic
P00441,99,5,Glu/Gly,0.2394822006472491,Pathogenic
P00441,103,4,Ser/Leu,0.2588996763754045,Pathogenic
P00441,108,8,Leu/Val,0.0744336569579288,Pathogenic
P00441,143,10,Asn/Lys,0.0970873786407767,Pathogenic
P00441,143,5,Leu/Ser,0.145631067961165,Pathogenic
P00558,168,11,Asp/Val,0.1100323624595469,Pathogenic
P26358,549,2,Ala/Val,1.0,Pathogenic
P40337,68,10,Ser/Leu,0.1100323624595469,Pathogenic
P40337,80,9,Asn/Thr,0.0517799352750809,Pathogenic
P40337,80,7,Ser/Ile,0.1100323624595469,Pathogenic
P40337,80,5,Arg/Pro,0.2006472491909385,Pathogenic
P40337,80,3,Val/Leu,0.1262135922330097,Pathogenic
P49711,374,4,Arg/His,0.1650485436893204,Pathogenic
P49711,450,9,Arg/Gln,0.058252427184466,Pathogenic
P60709,202,3,Arg/Trp,0.1035598705501618,Pathogenic
P60953,161,9,Ala/Val,0.0776699029126213,Pathogenic
O14578,307,6,Ser/Cys,0.1100323624595469,Benign
P30566,289,2,Tyr/His,1.0,Benign
P30566,151,11,Lys/Met,0.174757281553398,Benign
P31939,116,7,Thr/Ser,0.1391585760517799,Benign
P34897,48,5,Ser/Leu,0.145631067961165,Benign
P54819,194,10,His/Asp,0.0809061488673139,Benign
P57081,391,8,Arg/Gln,-0.0032362459546925,Benign
Q8WTW3,454,8,Glu/Gln,-0.0032362459546925,Benign
Q96S44,135,13,Thr/Ala,1.0,Benign
Q9H211,491,7,Ser/Asn,0.1132686084142394,Benign
