Heatmap_Position,Type,mean,std,count
2,Benign,1.0,,1
2,Pathogenic,1.0,,1
3,Pathogenic,0.1682847896440129,0.050344172123314025,2
4,Pathogenic,0.18338727076591152,0.0582823847216401,3
5,Benign,0.1003236245954692,,1
5,Pathogenic,0.1542610571736785,0.043095974876889306,3
6,Benign,0.0841423948220064,,1
7,Benign,0.1132686084142394,0.0640744008842179,2
7,Pathogenic,0.0679611650485436,,1
8,Benign,,,0
8,Pathogenic,,,0
9,Pathogenic,0.08414239482200643,0.019685315632033046,3
10,Benign,0.0776699029126213,,1
10,Pathogenic,0.08090614886731384,0.018306971681205136,2
11,Benign,0.1682847896440129,,1
11,Pathogenic,0.0970873786407767,,1
13,Benign,1.0,,1
