Benign_Count,Pathogenic_Count,Benign_Mean,Pathogenic_Mean,T_stat,P_value
10,17,0.2757281553398058,0.17818389491719014,0.7319750149323279,0.47768042785178455
