Mutation,Benign_Count,Pathogenic_Count,Benign_Mean,Pathogenic_Mean,T_stat,P_value
Arg/Gln,2,3,0.0226537216828479,0.43473570658036675,-1.4261775518615039,0.28807478670184583
Glu/Lys,3,4,0.10463861920172597,0.0914239482200647,0.2700267622041889,0.7995718463182258
