Quarter,Benign_Count,Pathogenic_Count,Benign_Mean,Pathogenic_Mean,T_stat,P_value
Q1,1,10,0.145631067961165,0.1857605177993527,,
Q2,3,4,0.12081984897518873,0.1100323624595469,1.1704114719613028,0.3624232869366626
Q3,2,7,-0.0032362459546925,0.0596393897364771,-14.470268803490939,6.82692105433013e-06
Q4,2,4,0.12783171521035597,0.10355987055016179,0.5156090553050482,0.6960678169590162
