Benign_Count,Pathogenic_Count,Benign_Mean,Pathogenic_Mean,T_stat,P_value
25,45,0.27741100323624596,0.19582883854728506,0.9714443289589078,0.3376044364183378
