UniProt_ID,Amino_acid_position,Heatmap_Position,Mutation,LCS_Ratio,Type
P00441,108,8,Leu/Val,0.0744336569579288,Pathogenic
P40337,68,10,Ser/Leu,0.1100323624595469,Pathogenic
P40337,80,9,Asn/Thr,0.0517799352750809,Pathogenic
P40337,80,7,Ser/Ile,0.1100323624595469,Pathogenic
P40337,80,5,Arg/Pro,0.2006472491909385,Pathogenic
P40337,80,3,Val/Leu,0.1262135922330097,Pathogenic
P49711,374,4,Arg/His,0.1650485436893204,Pathogenic
O14578,307,6,Ser/Cys,0.1100323624595469,Benign
O14578,308,8,Ser/Ala,0.0776699029126213,Benign
P00441,114,13,Ile/Thr,1.0,Pathogenic
P40337,70,9,Glu/Lys,0.0485436893203883,Pathogenic
P40337,72,11,Ser/Pro,0.0938511326860841,Pathogenic
P49711,378,11,Pro/Leu,0.0906148867313915,Pathogenic
P40337,78,5,Asn/Asp,0.2006472491909385,Pathogenic
P40337,80,7,Ser/Gly,0.1100323624595469,Pathogenic
P40337,81,8,Pro/Leu,0.1197411003236245,Pathogenic
P40337,82,9,Arg/Leu,0.0517799352750809,Pathogenic
P40337,84,11,Val/Met,0.1067961165048543,Pathogenic
