Benign_Count,Pathogenic_Count,Benign_Mean,Pathogenic_Mean,T_stat,P_value
2,16,0.0938511326860841,0.16626213592233008,-1.2264666778880926,0.23781433409897043
