Region,Benign_Mean,Benign_Std,Pathogenic_Mean,Pathogenic_Std,T_stat,P_value
Full,0.439150401836969,0.42263367080231695,0.44037458339371105,0.41978208452505716,-0.17760027553243554,0.8590393052760067
-5 to +4,0.1279206230662541,0.09464648365985233,0.1295289931212261,0.08179719526921786,-0.8464152094084196,0.3973446476044463
