Benign_Count,Pathogenic_Count,Benign_Mean,Pathogenic_Mean,T_stat,P_value
20,41,0.09676375404530743,0.11737311547872753,-1.275069810930732,0.21082510951463862
