Heatmap_Position,Benign_Count,Pathogenic_Count,Benign_Mean,Pathogenic_Mean,T_stat,P_value
7,4,4,0.10679611650485434,0.10517799352750805,0.11923929502757528,0.9115712995070445
