Benign_Count,Pathogenic_Count,Benign_Mean,Pathogenic_Mean,T_stat,P_value
10,18,0.0932038834951456,0.12351672060409921,-1.3126415993821383,0.20538954665350986
