Benign_Count,Pathogenic_Count,Benign_Mean,Pathogenic_Mean,T_stat,P_value
10,20,0.0932038834951456,0.12265372168284787,-1.319696739195217,0.20440361035591942
