Mutation,Benign_Count,Pathogenic_Count,Benign_Mean,Pathogenic_Mean,T_stat,P_value
Arg/Gln,2,2,0.0226537216828479,0.15210355987055016,-1.329644990629067,0.3882446728051735
Glu/Lys,3,4,0.10463861920172597,0.0914239482200647,0.2700267622041889,0.7995718463182258
