Benign_Count,Pathogenic_Count,Benign_Mean,Pathogenic_Mean,T_stat,P_value
2,3,5.60745,3.5688666666666666,0.327540346208653,0.7746173460988506
